Type1, Type2, steel, fighting, dragon, water, electric, fairy, fire, ice, bug, normal, grass, poison, psychic, rock, ground, ghost, dark, flying
steel, , 0.5, 2, 0.5, 1, 1, 0.5, 2, 0.5, 0.5, 0.5, 0.5, 0, 0.5, 0.5, 2, 1, 1, 0.5
fighting, , 1, 1, 1, 1, 1, 2, 1, 1, 0.5, 1, 1, 1, 2, 0.5, 1, 1, 0.5, 2
dragon, , 1, 1, 2, 0.5, 0.5, 2, 0.5, 2, 1, 1, 0.5, 1, 1, 1, 1, 1, 1, 1
water, , 0.5, 1, 1, 0.5, 2, 1, 0.5, 0.5, 1, 1, 2, 1, 1, 1, 1, 1, 1, 1
electric, , 0.5, 1, 1, 1, 0.5, 1, 1, 1, 1, 1, 1, 1, 1, 1, 2, 1, 1, 0.5
fairy, , 2, 0.5, 0, 1, 1, 1, 1, 1, 0.5, 1, 1, 2, 1, 1, 1, 1, 0.5, 1
fire, , 0.5, 1, 1, 2, 1, 0.5, 0.5, 0.5, 0.5, 1, 0.5, 1, 1, 2, 2, 1, 1, 1
ice, , 2, 2, 1, 1, 1, 1, 2, 0.5, 1, 1, 1, 1, 1, 2, 1, 1, 1, 1
bug, , 1, 0.5, 1, 1, 1, 1, 2, 1, 1, 1, 0.5, 1, 1, 2, 0.5, 1, 1, 2
normal, , 1, 2, 1, 1, 1, 1, 1, 1, 1, 1, 1, 1, 1, 1, 1, 0, 1, 1
grass, , 1, 1, 1, 0.5, 0.5, 1, 2, 2, 2, 1, 0.5, 2, 1, 1, 0.5, 1, 1, 2
poison, , 1, 0.5, 1, 1, 1, 0.5, 1, 1, 0.5, 1, 0.5, 0.5, 2, 1, 2, 1, 1, 1
psychic, , 1, 0.5, 1, 1, 1, 1, 1, 1, 2, 1, 1, 1, 0.5, 1, 1, 2, 2, 1
rock, , 2, 2, 1, 2, 1, 1, 0.5, 1, 1, 0.5, 2, 0.5, 1, 1, 2, 1, 1, 0.5
ground, , 1, 1, 1, 2, 0, 1, 1, 2, 1, 1, 2, 0.5, 1, 0.5, 1, 1, 1, 1
ghost, , 1, 0, 1, 1, 1, 1, 1, 1, 0.5, 0, 1, 0.5, 1, 1, 1, 2, 2, 1
dark, , 1, 2, 1, 1, 1, 2, 1, 1, 2, 1, 1, 1, 0, 1, 1, 0.5, 0.5, 1
flying, , 1, 0.5, 1, 1, 2, 1, 1, 2, 0.5, 1, 0.5, 1, 1, 2, 0, 1, 1, 1
steel, fighting, 0.5, 2, 0.5, 1, 1, 1, 2, 0.5, 0.25, 0.5, 0.5, 0, 1, 0.25, 2, 1, 0.5, 1
steel, dragon, 0.5, 2, 1, 0.5, 0.5, 1, 1, 1, 0.5, 0.5, 0.25, 0, 0.5, 0.5, 2, 1, 1, 0.5
steel, water, 0.25, 2, 0.5, 0.5, 2, 0.5, 1, 0.25, 0.5, 0.5, 1, 0, 0.5, 0.5, 2, 1, 1, 0.5
steel, electric, 0.25, 2, 0.5, 1, 0.5, 0.5, 2, 0.5, 0.5, 0.5, 0.5, 0, 0.5, 0.5, 2, 1, 1, 0.25
steel, fairy, 1, 1, 0, 1, 1, 0.5, 2, 0.5, 0.25, 0.5, 0.5, 0, 0.5, 0.5, 2, 1, 0.5, 0.5
steel, fire, 0.25, 2, 0.5, 2, 1, 0.25, 1, 0.25, 0.25, 0.5, 0.25, 0, 0.5, 1, 2, 1, 1, 0.5
steel, ice, 1, 2, 0.5, 1, 1, 0.5, 2, 0.25, 0.5, 0.5, 0.5, 0, 0.5, 1, 2, 1, 1, 0.5
steel, bug, 0.5, 1, 0.5, 1, 1, 0.5, 2, 0.5, 0.5, 0.5, 0.25, 0, 0.5, 1, 1, 1, 1, 1
steel, grass, 0.5, 2, 0.5, 0.5, 0.5, 0.5, 2, 1, 1, 0.5, 0.25, 0, 0.5, 0.5, 1, 1, 1, 1
steel, psychic, 0.5, 1, 0.5, 1, 1, 0.5, 2, 0.5, 1, 0.5, 0.5, 0, 0.25, 0.5, 2, 2, 2, 0.5
steel, rock, 1, 2, 0.5, 2, 1, 0.5, 1, 0.5, 0.5, 0.25, 1, 0, 0.5, 0.5, 2, 1, 1, 0.25
steel, ground, 0.5, 2, 0.5, 2, 0, 0.5, 2, 1, 0.5, 0.5, 1, 0, 0.5, 0.25, 2, 1, 1, 0.5
steel, ghost, 0.5, 0, 0.5, 1, 1, 0.5, 2, 0.5, 0.25, 0, 0.5, 0, 0.5, 0.5, 2, 2, 2, 0.5
steel, dark, 0.5, 2, 0.5, 1, 1, 1, 2, 0.5, 1, 0.5, 0.5, 0, 0, 0.5, 2, 0.5, 0.5, 0.5
steel, flying, 0.5, 1, 0.5, 1, 2, 0.5, 2, 1, 0.25, 0.5, 0.25, 0, 0.5, 1, 0, 1, 1, 0.5
fighting, steel, 0.5, 2, 0.5, 1, 1, 1, 2, 0.5, 0.25, 0.5, 0.5, 0, 1, 0.25, 2, 1, 0.5, 1
fighting, dragon, 1, 1, 2, 0.5, 0.5, 2, 0.5, 2, 0.5, 1, 0.5, 1, 2, 0.5, 1, 1, 0.5, 2
fighting, water, 0.5, 1, 1, 0.5, 2, 2, 0.5, 0.5, 0.5, 1, 2, 1, 2, 0.5, 1, 1, 0.5, 2
fighting, fire, 0.5, 1, 1, 2, 1, 1, 0.5, 0.5, 0.25, 1, 0.5, 1, 2, 1, 2, 1, 0.5, 2
fighting, ice, 2, 2, 1, 1, 1, 2, 2, 0.5, 0.5, 1, 1, 1, 2, 1, 1, 1, 0.5, 2
fighting, bug, 1, 0.5, 1, 1, 1, 2, 2, 1, 0.5, 1, 0.5, 1, 2, 1, 0.5, 1, 0.5, 2
fighting, normal, 1, 2, 1, 1, 1, 2, 1, 1, 0.5, 1, 1, 1, 2, 0.5, 1, 0, 0.5, 2
fighting, poison, 1, 0.5, 1, 1, 1, 1, 1, 1, 0.25, 1, 0.5, 0.5, 2, 0.5, 2, 1, 0.5, 2
fighting, grass, 1, 1, 1, 0.5, 0.5, 2, 2, 2, 1, 1, 0.5, 2, 2, 0.5, 0.5, 1, 0.5, 2
fighting, psychic, 1, 0.5, 1, 1, 1, 2, 1, 1, 1, 1, 1, 1, 1, 0.5, 1, 2, 1, 2
fighting, rock, 2, 2, 1, 2, 1, 2, 0.5, 1, 0.5, 0.5, 2, 0.5, 2, 0.5, 1, 1, 0.5, 1
fighting, ghost, 1, 0, 1, 1, 1, 2, 1, 1, 0.25, 0, 1, 0.5, 2, 0.5, 1, 2, 1, 2
fighting, dark, 1, 2, 1, 1, 1, 2, 1, 1, 1, 1, 1, 1, 0, 0.5, 1, 0.5, 0.25, 2
fighting, flying, 1, 0.5, 1, 1, 2, 2, 1, 2, 0.25, 1, 0.5, 1, 2, 1, 0, 1, 0.5, 2
dragon, steel, 0.5, 2, 1, 0.5, 0.5, 1, 1, 1, 0.5, 0.5, 0.25, 0, 0.5, 0.5, 2, 1, 1, 0.5
dragon, fighting, 1, 1, 2, 0.5, 0.5, 2, 0.5, 2, 0.5, 1, 0.5, 1, 2, 0.5, 1, 1, 0.5, 2
dragon, water, 0.5, 1, 2, 0.25, 1, 2, 0.25, 1, 1, 1, 1, 1, 1, 1, 1, 1, 1, 1
dragon, electric, 0.5, 1, 2, 0.5, 0.25, 2, 0.5, 2, 1, 1, 0.5, 1, 1, 1, 2, 1, 1, 0.5
dragon, fairy, 2, 0.5, 0, 0.5, 0.5, 2, 0.5, 2, 0.5, 1, 0.5, 2, 1, 1, 1, 1, 0.5, 1
dragon, fire, 0.5, 1, 2, 1, 0.5, 1, 0.25, 1, 0.5, 1, 0.25, 1, 1, 2, 2, 1, 1, 1
dragon, normal, 1, 2, 2, 0.5, 0.5, 2, 0.5, 2, 1, 1, 0.5, 1, 1, 1, 1, 0, 1, 1
dragon, ice, 2, 2, 2, 0.5, 0.5, 2, 1, 1, 1, 1, 0.5, 1, 1, 2, 1, 1, 1, 1
dragon, grass, 1, 1, 2, 0.25, 0.25, 2, 1, 2, 2, 1, 0.25, 2, 1, 1, 0.5, 1, 1, 2
dragon, poison, 1, 0.5, 2, 0.5, 0.5, 1, 0.5, 2, 0.5, 1, 0.25, 0.5, 2, 1, 2, 1, 1, 1
dragon, psychic, 1, 0.5, 2, 0.5, 0.5, 2, 0.5, 2, 2, 1, 0.5, 1, 0.5, 1, 1, 2, 2, 1
dragon, rock, 2, 2, 2, 1, 0.5, 2, 0.25, 2, 1, 0.5, 1, 0.5, 1, 1, 2, 1, 1, 0.5
dragon, ground, 1, 1, 2, 1, 0, 2, 0.5, 2, 1, 1, 1, 0.5, 1, 0.5, 1, 1, 1, 1
dragon, ghost, 1, 0, 2, 0.5, 0.5, 2, 0.5, 2, 0.5, 0, 0.5, 0.5, 1, 1, 1, 2, 2, 1
dragon, dark, 1, 2, 2, 0.5, 0.5, 2, 0.5, 2, 2, 1, 0.5, 1, 0, 1, 1, 0.5, 0.5, 1
dragon, flying, 1, 0.5, 2, 0.5, 1, 2, 0.5, 2, 0.5, 1, 0.25, 1, 1, 2, 0, 1, 1, 1
water, steel, 0.25, 2, 0.5, 0.5, 2, 0.5, 1, 0.25, 0.5, 0.5, 1, 0, 0.5, 0.5, 2, 1, 1, 0.5
water, fighting, 0.5, 1, 1, 0.5, 2, 2, 0.5, 0.5, 0.5, 1, 2, 1, 2, 0.5, 1, 1, 0.5, 2
water, dragon, 0.5, 1, 2, 0.25, 1, 2, 0.25, 1, 1, 1, 1, 1, 1, 1, 1, 1, 1, 1
water, electric, 0.25, 1, 1, 0.5, 1, 1, 0.5, 0.5, 1, 1, 2, 1, 1, 1, 2, 1, 1, 0.5
water, , 1, 0.5, 0, 0.5, 2, 1, 0.5, 0.5, 0.5, 1, 2, 2, 1, 1, 1, 1, 0.5, 1
water, , 0.25, 1, 1, 1, 2, 0.5, 0.25, 0.25, 0.5, 1, 1, 1, 1, 2, 2, 1, 1, 1
water, ice, 1, 2, 1, 0.5, 2, 1, 1, 0.25, 1, 1, 2, 1, 1, 2, 1, 1, 1, 1
water, bug, 0.5, 0.5, 1, 0.5, 2, 0.5, 1, 0.5, 1, 1, 1, 1, 1, 2, 0.5, 1, 1, 2
water, normal, 0.5, 2, 1, 0.5, 2, 1, 0.5, 0.5, 1, 1, 2, 1, 1, 1, 1, 0, 1, 1
water, grass, 0.5, 1, 1, 0.25, 1, 1, 1, 1, 2, 1, 1, 2, 1, 1, 0.5, 1, 1, 2
water, poison, 0.5, 0.5, 1, 0.5, 2, 0.5, 0.5, 0.5, 0.5, 1, 1, 0.5, 2, 1, 2, 1, 1, 1
water, psychic, 0.5, 0.5, 1, 0.5, 2, 1, 0.5, 0.5, 2, 1, 2, 1, 0.5, 1, 1, 2, 2, 1
water, rock, 1, 2, 1, 1, 2, 1, 0.25, 0.5, 1, 0.5, 2, 0.5, 1, 1, 2, 1, 1, 0.5
water, ground, 0.5, 1, 1, 1, 0, 1, 0.5, 1, 1, 1, 2, 0.5, 1, 0.5, 1, 1, 1, 1
water, ghost, 0.5, 0, 1, 0.5, 2, 1, 0.5, 0.5, 0.5, 0, 2, 1, 1, 1, 1, 2, 2, 1
water, dark, 0.5, 2, 1, 0.5, 2, 2, 0.5, 0.5, 2, 1, 2, 1, 0, 1, 1, 0.5, 0.5, 1
water, flying, 0.5, 0.5, 1, 0.5, 2, 1, 0.5, 1, 0.5, 1, 1, 1, 1, 2, 0, 1, 1, 1
water, fairy, 0.5, 0.5, 1, 0.5, 2, 1, 0.5, 1, 0.5, 1, 1, 1, 1, 2, 0, 1, 1, 1
water, fire, 0.5, 0.5, 1, 0.5, 2, 1, 0.5, 1, 0.5, 1, 1, 1, 1, 2, 0, 1, 1, 1
electric, steel, 0.25, 2, 0.5, 1, 0.5, 0.5, 2, 0.5, 0.5, 0.5, 0.5, 0, 0.5, 0.5, 2, 1, 1, 0.25
electric, dragon, 0.5, 1, 2, 0.5, 0.25, 2, 0.5, 2, 1, 1, 0.5, 1, 1, 1, 2, 1, 1, 0.5
electric, water, 0.25, 1, 1, 0.5, 1, 1, 0.5, 0.5, 1, 1, 2, 1, 1, 1, 2, 1, 1, 0.5
electric, fairy, 1, 0.5, 0, 1, 0.5, 1, 1, 1, 0.5, 1, 1, 2, 1, 1, 2, 1, 0.5, 0.5
electric, fire, 0.25, 1, 1, 2, 0.5, 1, 0.5, 1, 0.5, 1, 0.5, 1, 1, 2, 2, 1, 1, 0.5
electric, ice, 1, 2, 1, 1, 0.5, 1, 2, 0.5, 1, 1, 1, 1, 1, 2, 2, 1, 1, 0.5
electric, bug, 0.5, 0.5, 1, 1, 0.5, 1, 2, 1, 1, 1, 0.5, 1, 1, 2, 1, 1, 1, 1
electric, normal, 0.5, 2, 1, 1, 0.5, 1, 1, 1, 1, 1, 1, 1, 1, 1, 2, 0, 1, 0.5
electric, grass, 0.5, 1, 1, 0.5, 0.25, 1, 2, 2, 2, 1, 0.5, 2, 1, 1, 1, 1, 1, 1
electric, psychic, 0.5, 0.5, 1, 1, 0.5, 1, 1, 1, 2, 1, 1, 1, 0.5, 1, 2, 2, 2, 0.5
electric, rock, 1, 2, 1, 2, 0.5, 1, 0.5, 1, 1, 0.5, 2, 0.5, 1, 1, 2, 1, 1, 0.25
electric, ground, 0.5, 1, 1, 2, 0, 1, 1, 2, 1, 1, 2, 0.5, 1, 0.5, 2, 1, 1, 0.5
electric, ghost, 0.5, 0, 1, 1, 0.5, 1, 1, 1, 0.5, 0, 1, 0.5, 1, 1, 2, 2, 2, 0.5
electric, flying, 0.5, 0.5, 1, 1, 1, 1, 1, 2, 0.5, 1, 0.5, 1, 1, 2, 0, 1, 1, 0.5
fairy, steel, 1, 1, 0, 1, 1, 0.5, 2, 0.5, 0.25, 0.5, 0.5, 0, 0.5, 0.5, 2, 1, 0.5, 0.5
fairy, dragon, 2, 0.5, 0, 0.5, 0.5, 2, 0.5, 2, 0.5, 1, 0.5, 2, 1, 1, 1, 1, 0.5, 1
fairy, , 1, 0.5, 0, 0.5, 2, 1, 0.5, 0.5, 0.5, 1, 2, 2, 1, 1, 1, 1, 0.5, 1
fairy, electric, 1, 0.5, 0, 1, 0.5, 1, 1, 1, 0.5, 1, 1, 2, 1, 1, 2, 1, 0.5, 0.5
fairy, bug, 2, 0.25, 0, 1, 1, 1, 2, 1, 0.5, 1, 0.5, 2, 1, 2, 0.5, 1, 0.5, 2
fairy, ice, 2, 1, 0, 1, 1, 1, 2, 0.5, 0.5, 1, 1, 2, 1, 2, 1, 1, 0.5, 1
fairy, normal, 2, 1, 0, 1, 1, 1, 1, 1, 0.5, 1, 1, 2, 1, 1, 1, 0, 0.5, 1
fairy, grass, 2, 0.5, 0, 0.5, 0.5, 1, 2, 2, 1, 1, 0.5, 2, 1, 1, 0.5, 1, 0.5, 2
fairy, psychic, 2, 0.25, 0, 1, 1, 1, 1, 1, 1, 1, 1, 2, 0.5, 1, 1, 2, 1, 1
fairy, rock, 2, 1, 0, 2, 1, 1, 0.5, 1, 0.5, 0.5, 2, 1, 1, 1, 2, 1, 0.5, 0.5
fairy, ghost, 2, 0, 0, 1, 1, 1, 1, 1, 0.25, 0, 1, 1, 1, 1, 1, 2, 1, 1
fairy, flying, 2, 0.25, 0, 1, 2, 1, 1, 2, 0.25, 1, 0.5, 2, 1, 2, 0, 1, 0.5, 1
fire, steel, 0.25, 2, 0.5, 2, 1, 0.25, 1, 0.25, 0.25, 0.5, 0.25, 0.5, 0.5, 1, 2, 1, 1, 0.5
fire, fighting, 0.5, 1, 1, 2, 1, 1, 0.5, 0.5, 0.25, 1, 0.5, 1, 2, 1, 2, 1, 0.5, 2
fire, dragon, 0.5, 1, 2, 1, 0.5, 1, 0.25, 1, 0.5, 1, 0.25, 1, 1, 2, 2, 1, 1, 1
fire, , 0.25, 1, 1, 1, 2, 0.5, 0.25, 0.25, 0.5, 1, 1, 1, 1, 2, 2, 1, 1, 1
fire, electric, 0.25, 1, 1, 2, 0.5, 0.5, 0.5, 1, 0.5, 1, 0.5, 1, 1, 2, 2, 1, 1, 0.5
fire, bug, 0.5, 0.5, 1, 2, 1, 0.5, 1, 0.5, 0.5, 1, 0.25, 1, 1, 2, 1, 1, 1, 2
fire, normal, 0.5, 2, 1, 2, 1, 0.5, 1, 1, 1, 1, 1, 1, 1, 2, 2, 0, 1, 1
fire, poison, 0.5, 0.5, 1, 2, 1, 0.25, 0.5, 0.5, 0.25, 1, 0.25, 0.5, 2, 2, 2, 1, 1, 1
fire, psychic, 0.5, 0.5, 1, 2, 1, 0.5, 0.5, 0.5, 1, 1, 0.5, 1, 0.5, 2, 2, 2, 2, 1
fire, rock, 1, 2, 1, 2, 1, 0.5, 0.25, 0.5, 0.5, 0.5, 1, 0.5, 1, 2, 2, 1, 1, 0.5
fire, ground, 0.5, 1, 1, 2, 0, 0.5, 0.5, 1, 0.5, 1, 1, 0.5, 1, 1, 2, 1, 1, 1
fire, ghost, 0.5, 0, 1, 2, 1, 0.5, 0.5, 0.5, 0.25, 0, 0.5, 0.5, 1, 2, 2, 2, 2, 1
fire, dark, 0.5, 2, 1, 2, 1, 1, 0.5, 0.5, 1, 1, 0.5, 1, 0, 2, 2, 0.5, 0.5, 1
fire, flying, 0.5, 0.5, 1, 2, 2, 0.5, 0.5, 1, 0.25, 1, 0.25, 1, 1, 2, 0, 1, 1, 1
ice, steel, 1, 2, 0.5, 1, 1, 0.5, 2, 0.25, 0.5, 0.5, 0.5, 0, 0.5, 1, 2, 1, 1, 0.5
ice, fighting, 2, 2, 1, 1, 1, 2, 2, 0.5, 0.5, 1, 1, 1, 2, 1, 1, 1, 0.5, 2
ice, dragon, 2, 2, 2, 0.5, 0.5, 2, 1, 1, 1, 1, 0.5, 1, 1, 2, 1, 1, 1, 1
ice, water, 1, 2, 1, 0.5, 2, 1, 1, 0.25, 1, 1, 2, 1, 1, 2, 1, 1, 1, 1
ice, electric, 1, 2, 1, 1, 0.5, 1, 2, 0.5, 1, 1, 1, 1, 1, 2, 2, 1, 1, 0.5
ice, fairy, 2, 1, 0, 1, 1, 1, 2, 0.5, 0.5, 1, 1, 2, 1, 2, 1, 1, 0.5, 1
ice, grass, 2, 2, 0.5, 0.5, 0.5, 1, 2, 1, 2, 0.5, 0.5, 2, 0.5, 2, 0.5, 0.5, 0.5, 2
ice, psychic, 2, 1, 1, 1, 1, 1, 2, 0.5, 2, 1, 1, 1, 0.5, 2, 1, 2, 2, 1
ice, rock, 2, 2, 1, 2, 1, 1, 1, 0.5, 1, 0.5, 2, 0.5, 1, 2, 2, 1, 1, 0.5
ice, ground, 2, 2, 1, 2, 0, 1, 2, 1, 1, 1, 2, 0.5, 1, 1, 1, 1, 1, 1
ice, ghost, 2, 0, 1, 1, 1, 1, 2, 0.5, 0.5, 0, 1, 0.5, 1, 2, 1, 2, 2, 1
ice, dark, 2, 2, 1, 1, 1, 2, 2, 0.5, 2, 1, 1, 1, 0, 2, 1, 0.5, 0.5, 1
ice, flying, 2, 1, 1, 1, 2, 1, 2, 1, 0.5, 1, 0.5, 1, 1, 2, 0, 1, 1, 1
bug, steel, 0.5, 1, 0.5, 1, 1, 0.5, 2, 0.5, 0.5, 0.5, 0.25, 0, 0.5, 1, 1, 1, 1, 1
bug, fighting, 1, 0.5, 1, 1, 1, 2, 2, 1, 0.5, 1, 0.5, 1, 2, 1, 0.5, 1, 0.5, 2
bug, water, 0.5, 0.5, 1, 0.5, 2, 1, 1, 0.5, 1, 1, 1, 1, 1, 2, 0.5, 1, 1, 2
bug, electric, 0.5, 0.5, 1, 1, 0.5, 1, 2, 1, 1, 1, 0.5, 1, 1, 2, 1, 1, 1, 1
bug, fairy, 2, 0.25, 0, 1, 1, 1, 2, 1, 0.5, 1, 0.5, 2, 1, 2, 0.5, 1, 0.5, 2
bug, fire, 0.5, 0.5, 1, 2, 1, 0.5, 1, 0.5, 0.5, 1, 0.25, 1, 1, 2, 1, 1, 1, 2
bug, ice, 2, 1, 1, 1, 1, 1, 2, 0.5, 1, 1, 0.5, 1, 1, 2, 0.5, 1, 1, 2
bug, grass, 1, 0.5, 1, 0.5, 0.5, 1, 2, 2, 2, 1, 0.25, 2, 1, 2, 0.25, 1, 1, 2
bug, poison, 1, 0.25, 1, 1, 1, 0.5, 2, 1, 0.5, 1, 0.25, 0.5, 2, 2, 1, 1, 1, 2
bug, rock, 2, 1, 1, 2, 1, 1, 1, 1, 1, 0.5, 1, 0.5, 1, 2, 1, 1, 1, 1
bug, ground, 1, 0.5, 1, 2, 0, 1, 2, 2, 1, 1, 1, 0.5, 1, 1, 0.5, 1, 1, 2
bug, ghost, 1, 0, 1, 1, 1, 1, 2, 1, 0.5, 0, 0.5, 0.5, 1, 2, 0.5, 2, 2, 2
bug, flying, 1, 0.25, 1, 1, 2, 1, 2, 2, 0.5, 1, 0.25, 1, 1, 2, 0, 1, 1, 2
normal, fighting, 1, 2, 1, 1, 1, 2, 1, 1, 0.5, 1, 1, 1, 2, 0.5, 1, 0, 0.5, 2
normal, dragon, 1, 2, 2, 0.5, 0.5, 2, 0.5, 2, 1, 1, 0.5, 1, 1, 1, 1, 0, 1, 1
normal, water, 0.5, 2, 1, 0.5, 2, 1, 0.5, 0.5, 1, 1, 2, 1, 1, 1, 1, 0, 1, 1
normal, electric, 0.5, 2, 1, 1, 0.5, 1, 1, 1, 1, 1, 1, 1, 1, 1, 2, 0, 1, 0.5
normal, fairy, 2, 1, 0, 1, 1, 1, 1, 1, 0.5, 1, 1, 2, 1, 1, 1, 0, 0.5, 1
normal, fire, 0.5, 2, 1, 2, 1, 0.5, 0.5, 0.5, 0.5, 1, 0.5, 1, 1, 2, 2, 0, 1, 1
normal, grass, 1, 2, 1, 0.5, 0.5, 1, 2, 2, 2, 1, 0.5, 2, 1, 1, 0.5, 0, 1, 2
normal, psychic, 1, 1, 1, 1, 1, 1, 1, 1, 2, 1, 1, 1, 0.5, 1, 1, 0, 2, 1
normal, ground, 1, 2, 1, 2, 0, 1, 1, 2, 1, 1, 2, 0.5, 1, 0.5, 1, 0, 1, 1
normal, dark, 1, 2, 1, 1, 1, 2, 1, 1, 2, 1, 1, 1, 0, 1, 1, 0, 0.5, 1
normal, flying, 1, 1, 1, 1, 2, 1, 1, 2, 0.5, 1, 0.5, 1, 1, 2, 0, 0, 1, 1
grass, steel, 0.5, 2, 0.5, 0.5, 0.5, 0.5, 2, 1, 1, 0.5, 0.25, 0, 0.5, 0.5, 1, 1, 1, 1
grass, fighting, 1, 1, 1, 0.5, 0.5, 2, 2, 2, 1, 1, 0.5, 2, 2, 0.5, 0.5, 1, 0.5, 2
grass, dragon, 1, 1, 2, 0.25, 0.25, 2, 1, 2, 2, 1, 0.25, 2, 1, 1, 0.5, 1, 1, 2
grass, water, 0.5, 1, 1, 0.25, 1, 1, 1, 1, 2, 1, 1, 2, 1, 1, 0.5, 1, 1, 2
grass, electric, 0.5, 1, 1, 0.5, 0.5, 1, 2, 2, 2, 1, 0.5, 2, 1, 1, 1, 1, 1, 1
grass, fairy, 2, 0.5, 0, 0.5, 0.5, 1, 2, 2, 1, 1, 0.5, 2, 1, 1, 0.5, 1, 0.5, 2
grass, ice, 2, 2, 0.5, 0.5, 0.5, 0.5, 2, 1, 2, 0.5, 0.5, 2, 0.5, 2, 0.5, 0.5, 0.5, 2
grass, bug, 1, 0.5, 1, 0.5, 0.5, 1, 2, 2, 2, 1, 0.25, 2, 1, 2, 0.25, 1, 1, 2
grass, normal, 1, 2, 1, 0.5, 0.5, 1, 2, 2, 2, 1, 0.5, 2, 1, 1, 0.5, 0, 1, 2
grass, poison, 1, 0.5, 1, 0.5, 0.5, 0.5, 2, 2, 1, 1, 0.25, 1, 2, 1, 1, 1, 1, 2
grass, psychic, 1, 0.5, 1, 0.5, 0.5, 1, 2, 2, 2, 1, 0.5, 2, 0.5, 1, 0.5, 2, 2, 2
grass, rock, 2, 2, 1, 1, 0.5, 1, 1, 2, 2, 0.5, 1, 1, 1, 1, 1, 1, 1, 1
grass, ground, 1, 1, 1, 1, 0, 1, 2, 2, 2, 1, 1, 1, 1, 0.5, 0.5, 1, 1, 2
grass, ghost, 1, 0, 1, 0.5, 0.5, 1, 2, 2, 1, 0, 0.5, 1, 1, 1, 0.5, 2, 2, 2
grass, dark, 1, 2, 1, 0.5, 0.5, 2, 2, 2, 2, 1, 0.5, 2, 0, 1, 0.5, 0.5, 0.5, 2
grass, flying, 1, 0.5, 1, 0.5, 1, 1, 2, 2, 1, 1, 0.25, 2, 1, 2, 0, 1, 1, 2
poison, steel, 0.5, 1, 0.5, 1, 1, 0.25, 2, 0.5, 0.25, 0.5, 0.25, 0, 1, 0.5, 2, 1, 1, 0.5
poison, fighting, 1, 0.5, 1, 1, 1, 1, 1, 1, 0.25, 1, 0.5, 0.5, 2, 0.5, 2, 1, 0.5, 2
poison, dragon, 1, 0.5, 2, 0.5, 0.5, 1, 0.5, 2, 0.5, 1, 0.25, 0.5, 2, 1, 2, 1, 1, 1
poison, water, 0.5, 0.5, 1, 0.5, 2, 0.5, 0.5, 0.5, 0.5, 1, 1, 0.5, 2, 1, 2, 1, 1, 1
poison, fire, 0.5, 0.5, 1, 2, 1, 0.25, 0.5, 0.5, 0.25, 1, 0.25, 0.5, 2, 2, 2, 1, 1, 1
poison, bug, 1, 0.25, 1, 1, 1, 0.5, 2, 1, 0.5, 1, 0.25, 0.5, 2, 2, 1, 1, 1, 2
poison, grass, 1, 0.5, 1, 0.5, 0.5, 0.5, 2, 2, 1, 1, 0.25, 1, 2, 1, 1, 1, 1, 2
poison, psychic, 1, 0.25, 1, 1, 1, 0.5, 1, 1, 1, 1, 0.5, 0.5, 1, 1, 2, 2, 2, 1
poison, rock, 2, 1, 1, 2, 1, 0.5, 0.5, 1, 0.5, 0.5, 1, 0.25, 2, 1, 2, 1, 1, 0.5
poison, ground, 1, 0.5, 1, 2, 0, 0.5, 1, 2, 0.5, 1, 1, 0.25, 2, 0.5, 2, 1, 1, 1
poison, ghost, 1, 0, 1, 1, 1, 0.5, 1, 1, 0.25, 0, 0.5, 0.25, 2, 1, 2, 2, 2, 1
poison, dark, 1, 1, 1, 1, 1, 1, 1, 1, 1, 1, 0.5, 0.5, 0, 1, 2, 0.5, 0.5, 1
poison, flying, 1, 0.25, 1, 1, 2, 0.5, 1, 2, 0.25, 1, 0.25, 0.5, 2, 2, 0, 1, 1, 1
psychic, steel, 0.5, 1, 0.5, 1, 1, 0.5, 2, 0.5, 1, 0.5, 0.5, 0, 0.25, 0.5, 2, 2, 2, 0.5
psychic, fighting, 1, 0.5, 1, 1, 1, 2, 1, 1, 1, 1, 1, 1, 1, 0.5, 1, 2, 1, 2
psychic, dragon, 1, 0.5, 2, 0.5, 0.5, 2, 0.5, 2, 2, 1, 0.5, 1, 0.5, 1, 1, 2, 2, 1
psychic, water, 0.5, 0.5, 1, 0.5, 2, 1, 0.5, 0.5, 2, 1, 2, 1, 0.5, 1, 1, 2, 2, 1
psychic, fairy, 2, 0.25, 0, 1, 1, 1, 1, 1, 1, 1, 1, 2, 0.5, 1, 1, 2, 1, 1
psychic, fire, 0.5, 0.5, 1, 2, 1, 0.5, 0.5, 0.5, 1, 1, 0.5, 1, 0.5, 2, 2, 2, 2, 1
psychic, ice, 2, 1, 1, 1, 1, 1, 2, 0.5, 2, 1, 1, 1, 0.5, 2, 1, 2, 2, 1
psychic, normal, 1, 1, 1, 1, 1, 1, 1, 1, 2, 1, 1, 1, 0.5, 1, 1, 0, 2, 1
psychic, grass, 1, 0.5, 1, 0.5, 0.5, 1, 2, 2, 2, 1, 0.5, 2, 0.5, 1, 0.5, 2, 2, 2
psychic, rock, 2, 1, 1, 2, 1, 1, 0.5, 1, 2, 0.5, 2, 0.5, 0.5, 1, 2, 2, 2, 0.5
psychic, ground, 1, 0.5, 1, 2, 0, 1, 1, 2, 2, 1, 2, 0.5, 0.5, 0.5, 1, 2, 2, 1
psychic, ghost, 1, 0, 1, 1, 1, 1, 1, 1, 1, 0, 1, 0.5, 0.5, 1, 1, 2, 2, 1
psychic, dark, 1, 1, 1, 1, 1, 2, 1, 1, 2, 1, 1, 1, 0, 1, 1, 1, 1, 1
psychic, flying, 1, 0.25, 1, 1, 2, 1, 1, 2, 1, 1, 0.5, 1, 0.5, 2, 0, 2, 2, 1
rock, steel, 1, 2, 0.5, 2, 1, 0.5, 1, 0.5, 0.5, 0.25, 1, 0, 0.5, 0.5, 2, 1, 1, 0.25
rock, fighting, 2, 2, 1, 2, 1, 2, 0.5, 1, 0.5, 0.5, 2, 0.5, 2, 0.5, 2, 1, 0.5, 1
rock, dragon, 2, 2, 2, 1, 0.5, 2, 0.25, 2, 1, 0.5, 1, 0.5, 1, 1, 2, 1, 1, 0.5
rock, water, 1, 2, 1, 1, 2, 1, 0.25, 0.5, 1, 0.5, 2, 0.5, 1, 1, 2, 1, 1, 0.5
rock, electric, 1, 2, 1, 2, 0.5, 1, 0.5, 1, 1, 0.5, 2, 0.5, 1, 1, 2, 1, 1, 0.25
rock, fairy, 2, 1, 0, 2, 1, 1, 0.5, 1, 0.5, 0.5, 2, 1, 1, 1, 2, 1, 0.5, 0.5
rock, fire, 1, 2, 1, 2, 1, 0.5, 0.25, 0.5, 0.5, 0.5, 1, 0.5, 1, 2, 2, 1, 1, 0.5
rock, ice, 2, 2, 1, 2, 1, 1, 1, 0.5, 1, 0.5, 2, 0.5, 1, 2, 2, 1, 1, 0.5
rock, bug, 2, 1, 1, 2, 1, 1, 1, 1, 1, 0.5, 1, 0.5, 1, 2, 1, 1, 1, 1
rock, grass, 2, 2, 1, 1, 0.5, 1, 1, 2, 2, 0.5, 1, 1, 1, 1, 1, 1, 1, 1
rock, poison, 2, 1, 1, 2, 1, 0.5, 0.5, 1, 0.5, 0.5, 1, 0.25, 2, 1, 2, 1, 1, 0.5
rock, psychic, 2, 1, 1, 2, 1, 1, 0.5, 1, 2, 0.5, 2, 0.5, 0.5, 1, 2, 2, 2, 0.5
rock, ground, 2, 2, 1, 2, 0, 1, 0.5, 2, 1, 0.5, 2, 0.25, 1, 0.5, 2, 1, 1, 0.5
rock, dark, 2, 2, 1, 2, 1, 2, 0.5, 1, 2, 0.5, 2, 0.5, 0, 1, 2, 0.5, 0.5, 0.5
rock, flying, 2, 1, 1, 2, 2, 1, 0.5, 2, 0.5, 0.5, 1, 0.5, 1, 2, 0, 1, 1, 0.5
ground, steel, 0.5, 2, 0.5, 2, 0, 0.5, 2, 1, 0.5, 0.5, 1, 0, 0.5, 0.25, 2, 1, 1, 0.5
ground, dragon, 1, 1, 2, 1, 0, 2, 0.5, 2, 1, 1, 1, 0.5, 1, 0.5, 1, 1, 1, 1
ground, water, 0.5, 1, 1, 1, 0, 1, 0.5, 1, 1, 1, 2, 0.5, 1, 0.5, 1, 1, 1, 1
ground, electric, 0.5, 1, 1, 2, 0, 1, 1, 2, 1, 1, 2, 0.5, 1, 0.5, 2, 1, 1, 0.5
ground, fire, 0.5, 1, 1, 2, 0, 0.5, 0.5, 1, 0.5, 1, 1, 0.5, 1, 1, 2, 1, 1, 1
ground, ice, 2, 2, 1, 2, 0, 1, 2, 1, 1, 1, 2, 0.5, 1, 1, 1, 1, 1, 1
ground, bug, 1, 0.5, 1, 2, 0, 1, 2, 2, 1, 1, 1, 0.5, 1, 1, 0.5, 1, 1, 2
ground, normal, 1, 2, 1, 2, 0, 1, 1, 2, 1, 1, 2, 0.5, 1, 0.5, 1, 0, 1, 1
ground, grass, 1, 1, 1, 1, 0, 1, 2, 2, 2, 1, 1, 1, 1, 0.5, 0.5, 1, 1, 2
ground, poison, 1, 0.5, 1, 2, 0, 0.5, 1, 2, 0.5, 1, 1, 0.25, 2, 0.5, 2, 1, 1, 1
ground, psychic, 1, 0.5, 1, 2, 0, 1, 1, 2, 2, 1, 2, 0.5, 0.5, 0.5, 1, 2, 2, 1
ground, rock, 2, 2, 1, 2, 0, 1, 0.5, 2, 1, 0.5, 2, 0.25, 1, 0.5, 2, 1, 1, 1
ground, ghost, 1, 0, 1, 2, 0, 1, 1, 2, 0.5, 0, 2, 0.25, 1, 0.5, 1, 2, 2, 1
ground, dark, 1, 2, 1, 2, 0, 2, 1, 2, 2, 1, 2, 0.5, 0, 0.5, 1, 0.5, 0.5, 1
ground, flying, 1, 0.5, 1, 2, 0, 1, 1, 2, 0.5, 1, 1, 0.5, 1, 1, 0, 1, 1, 1
ghost, steel, 0.5, 0, 0.5, 1, 1, 0.5, 2, 0.5, 0.25, 0, 0.5, 0, 0.5, 0.5, 2, 2, 2, 0.5
ghost, dragon, 1, 0, 2, 0.5, 0.5, 2, 0.5, 2, 0.5, 0, 0.5, 0.5, 1, 1, 1, 2, 2, 1
ghost, water, 0.5, 0, 1, 0.5, 2, 1, 0.5, 0.5, 0.5, 0, 2, 0.5, 1, 1, 1, 2, 2, 1
ghost, electric, 0.5, 0, 1, 1, 0.5, 1, 1, 1, 0.5, 0, 1, 0.5, 1, 1, 2, 2, 2, 0.5
ghost, fairy, 2, 0, 0, 1, 1, 1, 1, 1, 0.25, 0, 1, 1, 1, 1, 1, 2, 1, 1
ghost, fire, 0.5, 0, 1, 2, 1, 0.5, 0.5, 0.5, 0.25, 0, 0.5, 0.5, 1, 2, 2, 2, 2, 1
ghost, ice, 2, 0, 1, 1, 1, 1, 2, 0.5, 0.5, 0, 1, 0.5, 1, 2, 1, 2, 2, 1
ghost, bug, 1, 0, 1, 1, 1, 1, 2, 1, 0.5, 0, 0.5, 0.5, 1, 2, 0.5, 2, 2, 2
ghost, grass, 1, 0, 1, 0.5, 0.5, 1, 2, 2, 1, 0, 0.5, 1, 1, 1, 0.5, 2, 2, 2
ghost, poison, 1, 0, 1, 1, 1, 0.5, 1, 1, 0.25, 0, 0.5, 0.25, 2, 1, 2, 2, 2, 1
ghost, psychic, 1, 0, 1, 1, 1, 1, 1, 1, 1, 0, 1, 0.5, 0.5, 1, 1, 2, 2, 1
ghost, ground, 1, 0, 1, 2, 0, 1, 1, 2, 0.5, 0, 2, 0.25, 1, 0.5, 1, 2, 2, 1
ghost, dark, 1, 0, 1, 1, 1, 2, 1, 1, 1, 0, 1, 0.5, 0, 1, 1, 1, 1, 1
ghost, flying, 1, 0, 1, 1, 2, 1, 1, 2, 0.25, 0, 0.5, 0.5, 1, 2, 0, 2, 2, 1
dark, steel, 0.5, 2, 0.5, 1, 1, 1, 2, 0.5, 1, 0.5, 0.5, 0, 0, 0.5, 2, 0.5, 0.5, 0.5
dark, fighting, 1, 2, 1, 1, 1, 2, 1, 1, 1, 1, 1, 1, 0, 0.5, 1, 0.5, 0.25, 2
dark, dragon, 1, 2, 2, 0.5, 0.5, 2, 0.5, 2, 2, 1, 0.5, 1, 0, 1, 1, 0.5, 0.5, 1
dark, water, 0.5, 2, 1, 0.5, 2, 2, 0.5, 0.5, 2, 1, 2, 1, 0, 1, 1, 0.5, 0.5, 1
dark, fire, 0.5, 2, 1, 2, 1, 1, 0.5, 0.5, 1, 1, 0.5, 1, 0, 2, 2, 0.5, 0.5, 1
dark, ice, 2, 2, 1, 1, 1, 2, 2, 0.5, 2, 1, 1, 1, 0, 2, 1, 0.5, 0.5, 1
dark, normal, 1, 2, 1, 1, 1, 2, 1, 1, 2, 1, 1, 1, 0, 1, 1, 0, 0.5, 1
dark, grass, 1, 2, 1, 0.5, 0.5, 2, 2, 2, 2, 1, 0.5, 2, 0, 1, 0.5, 0.5, 0.5, 2
dark, poison, 1, 1, 1, 1, 1, 1, 1, 1, 1, 1, 0.5, 0.5, 0, 1, 2, 0.5, 0.5, 1
dark, psychic, 1, 1, 1, 1, 1, 2, 1, 1, 2, 1, 1, 1, 0, 1, 1, 1, 1, 1
dark, rock, 2, 2, 1, 2, 1, 2, 0.5, 1, 2, 0.5, 2, 0.5, 0, 1, 2, 0.5, 0.5, 0.5
dark, ground, 1, 2, 1, 2, 0, 2, 1, 2, 2, 1, 2, 0.5, 0, 0.5, 1, 0.5, 0.5, 1
dark, ghost, 1, 0, 1, 1, 1, 2, 1, 1, 1, 0, 1, 0.5, 0, 1, 1, 1, 1, 1
dark, flying, 1, 1, 1, 1, 2, 2, 1, 2, 1, 0.5, 0.5, 1, 0, 2, 0, 0.5, 0.5, 1
flying, steel, 0.5, 1, 0.5, 1, 2, 0.5, 2, 1, 0.25, 0.5, 0.25, 0, 0.5, 1, 0, 1, 1, 0.5
flying, fighting, 1, 0.5, 1, 1, 2, 2, 1, 2, 0.25, 1, 0.5, 1, 2, 1, 0, 1, 0.5, 2
flying, dragon, 0.5, 0.5, 2, 0.5, 0.5, 2, 0.5, 2, 0.5, 0.5, 0.25, 0.5, 0.5, 2, 0, 0.5, 0.5, 0.5
flying, water, 0.5, 0.5, 0.5, 0.5, 2, 0.5, 0.5, 0.5, 0.5, 0.5, 0.5, 0.5, 0.5, 2, 0, 0.5, 0.5, 0.5
flying, electric, 0.5, 0.5, 0.5, 0.5, 0.5, 0.5, 0.5, 2, 0.5, 0.5, 0.5, 0.5, 0.5, 2, 0, 0.5, 0.5, 0.5
flying, fairy, 2, 0.25, 0, 1, 2, 1, 1, 2, 0.25, 1, 0.5, 2, 1, 2, 0, 1, 0.5, 1
flying, fire, 0.5, 0.5, 1, 2, 2, 0.5, 0.5, 1, 0.25, 1, 0.25, 1, 1, 2, 0, 1, 1, 1
flying, ice, 2, 1, 1, 1, 2, 1, 2, 1, 0.5, 1, 0.5, 1, 1, 2, 0, 1, 1, 1
flying, bug, 1, 0.25, 1, 1, 2, 1, 2, 2, 0.5, 1, 0.25, 1, 1, 2, 0, 1, 1, 2
flying, normal, 1, 1, 1, 1, 2, 1, 1, 2, 0.5, 1, 0.5, 1, 1, 2, 0, 0, 1, 1
flying, grass, 1, 0.5, 1, 0.5, 1, 1, 2, 2, 1, 1, 0.25, 2, 1, 2, 0, 1, 1, 2
flying, poison, 1, 0.25, 1, 1, 2, 0.5, 1, 2, 0.25, 1, 0.25, 0.5, 2, 2, 0, 1, 1, 1
flying, psychic, 1, 0.25, 1, 1, 2, 1, 1, 2, 1, 1, 0.5, 1, 0.5, 2, 0, 2, 2, 1
flying, rock, 2, 1, 1, 2, 2, 1, 0.5, 2, 0.5, 0.5, 1, 0.5, 1, 2, 0, 1, 1, 0.5
flying, ground, 1, 0.5, 1, 2, 0, 1, 1, 2, 0.5, 1, 1, 0.5, 1, 1, 0, 1, 1, 1
flying, ghost, 1, 0, 1, 1, 2, 1, 1, 2, 0.25, 0, 0.5, 0.5, 1, 2, 0, 2, 2, 1
flying, dark, 1, 1, 1, 1, 2, 2, 1, 2, 1, 1, 0.5, 1, 0, 2, 0, 0.5, 0.5, 1
